,beta,gamma,sse
0,0.9900000000000007,0.9400000000000006,120063801884.89462
