,beta,gamma,sse
0,0.9900000000000007,0.9300000000000006,120842723188.41183
