,beta,gamma,sse
0,0.060000000000000005,0.01,121020450273.31004
