,beta,gamma,sse
0,0.47000000000000025,0.5400000000000003,6866339.94685827
