,beta,gamma,sse
0,0.35000000000000014,0.3900000000000002,441008.0608743401
