,beta,gamma,sse
0,0.9900000000000007,0.8900000000000006,9.172408656846116
