,beta,gamma,sse
0,0.17,0.22000000000000006,156775.2404078599
