,beta,gamma,sse
0,0.5100000000000002,0.5600000000000003,190585.6582668994
