,beta,gamma,sse
0,0.5800000000000003,0.6100000000000003,59001.78966880209
