,beta,gamma,sse
0,0.9600000000000006,0.9900000000000007,311465.8675881037
