,beta,gamma,sse
0,0.9100000000000006,0.8800000000000006,523835.29201465927
