,beta,gamma,sse
0,0.060000000000000005,0.01,847564.5167997417
