,beta,gamma,sse
0,0.26000000000000006,0.24000000000000007,14349.347211357426
