,beta,gamma,sse
0,0.8600000000000005,0.8400000000000005,21127.32617408441
