,beta,gamma,sse
0,0.060000000000000005,0.01,1.0015965025926974
