,beta,gamma,sse
0,0.09999999999999999,0.13999999999999999,71580.471934604
