,beta,gamma,sse
0,0.5100000000000002,0.5200000000000002,133195.5131175166
