,beta,gamma,sse
0,0.5200000000000002,0.49000000000000027,64040.37084694544
