,beta,gamma,sse
0,0.5000000000000002,0.46000000000000024,180670.8551205823
