,beta,gamma,sse
0,0.6300000000000003,0.5900000000000003,449663.88079587935
