,beta,gamma,sse
0,0.6100000000000003,0.5700000000000003,185220.2639188914
