,beta,gamma,sse
0,0.9900000000000007,0.9600000000000006,103926.65605370322
