,beta,gamma,sse
0,0.36000000000000015,0.3200000000000001,260169.15537511907
