,beta,gamma,sse
0,0.35000000000000014,0.3100000000000001,398389.4681954867
