,beta,gamma,sse
0,0.5000000000000002,0.47000000000000025,295584.89693147293
