,beta,gamma,sse
0,0.9300000000000006,0.9100000000000006,421933.4036535978
