,beta,gamma,sse
0,0.10999999999999999,0.09999999999999999,61270.65378215434
