,beta,gamma,sse
0,0.12999999999999998,0.11999999999999998,179148.07737551193
