,beta,gamma,sse
0,0.9200000000000006,0.9900000000000007,69.52953503120159
