,beta,gamma,sse
0,0.5500000000000003,0.5300000000000002,111351.03655133606
