,beta,gamma,sse
0,0.5700000000000003,0.5500000000000003,95416.23070228891
