,beta,gamma,sse
0,0.20000000000000004,0.18000000000000002,341392.0110180146
