,beta,gamma,sse
0,0.5900000000000003,0.5600000000000003,199453.6694002811
