,beta,gamma,sse
0,0.9000000000000006,0.8700000000000006,377450.1649929565
