,beta,gamma,sse
0,0.2800000000000001,0.26000000000000006,1358629.7558248183
