,beta,gamma,sse
0,0.7600000000000005,0.7400000000000004,2673325.111815596
