,beta,gamma,sse
0,0.7600000000000005,0.9900000000000007,56.977373526521305
