,beta,gamma,sse
0,0.5600000000000003,0.5300000000000002,3012982.4881226
