,beta,gamma,sse
0,0.6600000000000004,0.6400000000000003,2189165.7710743113
