,beta,gamma,sse
0,0.9900000000000007,0.9200000000000006,3623632.6686938824
