,beta,gamma,sse
0,0.9900000000000007,0.9200000000000006,4177548.8455419373
