,beta,gamma,sse
0,0.6100000000000003,0.9900000000000007,32.78962842294845
