,beta,gamma,sse
0,0.7800000000000005,0.6900000000000004,2466716.3914439077
