,beta,gamma,sse
0,0.7400000000000004,0.6700000000000004,12863813.307012446
