,beta,gamma,sse
0,0.37000000000000016,0.3100000000000001,5392211.244212156
