,beta,gamma,sse
0,0.47000000000000025,0.4100000000000002,21037739.41826287
