,beta,gamma,sse
0,0.01,0.7600000000000005,20.07867199246796
