,beta,gamma,sse
0,0.36000000000000015,0.2800000000000001,14662315.701963825
