,beta,gamma,sse
0,0.7200000000000004,0.6400000000000003,12605254.888576295
