,beta,gamma,sse
0,0.7500000000000004,0.6700000000000004,18858414.571684916
