,beta,gamma,sse
0,0.6500000000000004,0.5800000000000003,42498054.29213576
