,beta,gamma,sse
0,0.8500000000000005,0.9900000000000007,1.70327863148983
