,beta,gamma,sse
0,0.3000000000000001,0.23000000000000007,62489937.49817292
