,beta,gamma,sse
0,0.6600000000000004,0.6000000000000003,22971869.25738327
