,beta,gamma,sse
0,0.8600000000000005,0.8200000000000005,434559321.24608564
