,beta,gamma,sse
0,0.5700000000000003,0.5400000000000003,341757324.9184608
