,beta,gamma,sse
0,0.15,0.12999999999999998,328008521.0938193
