,beta,gamma,sse
0,0.01,0.20000000000000004,1.3106321327030812
