,beta,gamma,sse
0,0.5600000000000003,0.5300000000000002,554604220.0131235
