,beta,gamma,sse
0,0.9300000000000006,0.8700000000000006,244286892.78283393
