,beta,gamma,sse
0,0.6900000000000004,0.6700000000000004,94329924.52678588
