,beta,gamma,sse
0,0.2700000000000001,0.26000000000000006,119196054.30153099
