,beta,gamma,sse
0,0.10999999999999999,0.09999999999999999,200246919.11956337
