,beta,gamma,sse
0,0.9700000000000006,0.9300000000000006,22978785.26946979
