,beta,gamma,sse
0,0.01,0.19000000000000003,4.4231861381730235
