,beta,gamma,sse
0,0.8500000000000005,0.8300000000000005,137792933.8740244
