,beta,gamma,sse
0,0.7800000000000005,0.7700000000000005,75807382.44897527
