,beta,gamma,sse
0,0.8400000000000005,0.8300000000000005,252009655.96063635
