,beta,gamma,sse
0,0.7100000000000004,0.7000000000000004,408682962.1538739
