,beta,gamma,sse
0,0.9700000000000006,0.9400000000000006,74631751.28905489
