,beta,gamma,sse
0,0.9500000000000006,0.9200000000000006,244650669.87592897
