,beta,gamma,sse
0,0.7700000000000005,0.7600000000000005,65451913.41184629
