,beta,gamma,sse
0,0.3000000000000001,0.01,34.10907578220055
