,beta,gamma,sse
0,0.7800000000000005,0.7600000000000005,27172228.40766323
