,beta,gamma,sse
0,0.9400000000000006,0.9200000000000006,23535667.477323856
