,beta,gamma,sse
0,0.8600000000000005,0.8500000000000005,116276080.3450655
