,beta,gamma,sse
0,0.9500000000000006,0.9400000000000006,134821189.97474346
