,beta,gamma,sse
0,0.7500000000000004,0.7400000000000004,215257545.265756
