,beta,gamma,sse
0,0.5300000000000002,0.01,83.20645154747515
