,beta,gamma,sse
0,0.11999999999999998,0.09,25229664.931359023
