,beta,gamma,sse
0,0.6900000000000004,0.6500000000000004,52873646.492538035
