,beta,gamma,sse
0,0.7900000000000005,0.7600000000000005,350231282.01827514
