,beta,gamma,sse
0,0.12999999999999998,0.11999999999999998,275755664.1796568
