,beta,gamma,sse
0,0.3900000000000002,0.38000000000000017,415326364.4589917
