,beta,gamma,sse
0,0.49000000000000027,0.45000000000000023,23953300.09910094
