,beta,gamma,sse
0,0.7900000000000005,0.7500000000000004,164812452.1605769
