,beta,gamma,sse
0,0.9800000000000006,0.9400000000000006,317578507.8984642
