,beta,gamma,sse
0,0.9900000000000007,0.4100000000000002,126.24784110021191
