,beta,gamma,sse
0,0.3000000000000001,0.2900000000000001,226827297.1849719
