,beta,gamma,sse
0,0.46000000000000024,0.45000000000000023,474082210.9243676
