,beta,gamma,sse
0,0.9200000000000006,0.8900000000000006,198355963.119391
