,beta,gamma,sse
0,0.8700000000000006,0.8400000000000005,361186500.87561214
