,beta,gamma,sse
0,0.9200000000000006,0.9000000000000006,169567239.68786126
