,beta,gamma,sse
0,0.16,0.18000000000000002,28810709.465375744
