,beta,gamma,sse
0,0.060000000000000005,0.07,420026639.5807481
