,beta,gamma,sse
0,0.9900000000000007,0.2900000000000001,213.5804279866269
