,beta,gamma,sse
0,0.48000000000000026,0.47000000000000025,1038608625.9331118
