,beta,gamma,sse
0,0.6000000000000003,0.6100000000000003,538688797.3888712
