,beta,gamma,sse
0,0.23000000000000007,0.2700000000000001,456213080.37889355
