,beta,gamma,sse
0,0.10999999999999999,0.12999999999999998,85972810.0575801
