,beta,gamma,sse
0,0.5300000000000002,0.5200000000000002,1019565599.1253386
