,beta,gamma,sse
0,0.3000000000000001,0.2800000000000001,499200326.6349176
