,beta,gamma,sse
0,0.9900000000000007,0.25000000000000006,410.2857503327302
