,beta,gamma,sse
0,0.9500000000000006,0.9100000000000006,1230004234.6771803
