,beta,gamma,sse
0,0.2700000000000001,0.2900000000000001,497069632.2370841
