,beta,gamma,sse
0,0.7900000000000005,0.7700000000000005,169575834.76141286
