,beta,gamma,sse
0,0.9900000000000007,0.48000000000000026,745.5324165955775
