,beta,gamma,sse
0,0.2900000000000001,0.3200000000000001,345818478.28862524
