,beta,gamma,sse
0,0.2900000000000001,0.3100000000000001,371316973.0810681
