,beta,gamma,sse
0,0.25000000000000006,0.2800000000000001,754769204.5915071
