,beta,gamma,sse
0,0.4000000000000002,0.4100000000000002,86859289.15718302
