,beta,gamma,sse
0,0.9400000000000006,0.9300000000000006,171490633.0639171
