,beta,gamma,sse
0,0.3100000000000001,0.3300000000000001,255609863.9188953
