,beta,gamma,sse
0,0.19000000000000003,0.21000000000000005,405584705.8281375
