,beta,gamma,sse
0,0.09999999999999999,0.10999999999999999,265806876.14819977
