,beta,gamma,sse
0,0.5400000000000003,0.5500000000000003,336428950.2294924
