,beta,gamma,sse
0,0.9500000000000006,0.9600000000000006,180928032.6992937
