,beta,gamma,sse
0,0.22000000000000006,0.26000000000000006,130575328.18179859
