,beta,gamma,sse
0,0.19000000000000003,0.24000000000000007,275866274.2124454
