,beta,gamma,sse
0,0.09999999999999999,0.12999999999999998,99817188.30829145
