,beta,gamma,sse
0,0.11999999999999998,0.12999999999999998,20160468.811555862
