,beta,gamma,sse
0,0.9900000000000007,0.5700000000000003,3009.6611540403014
