,beta,gamma,sse
0,0.6400000000000003,0.6500000000000004,276800537.7895661
