,beta,gamma,sse
0,0.17,0.21000000000000005,161185723.130082
