,beta,gamma,sse
0,0.24000000000000007,0.2900000000000001,353325954.3937474
