,beta,gamma,sse
0,0.16,0.18000000000000002,13524337.494442573
