,beta,gamma,sse
0,0.5400000000000003,0.5500000000000003,38858972.72850664
