,beta,gamma,sse
0,0.7200000000000004,0.7300000000000004,24212325.369699683
