,beta,gamma,sse
0,0.23000000000000007,0.26000000000000006,19576472.05910964
