,beta,gamma,sse
0,0.11999999999999998,0.15,53076943.218808606
