,beta,gamma,sse
0,0.9800000000000006,0.5900000000000003,4428.618558948359
