,beta,gamma,sse
0,0.9300000000000006,0.9100000000000006,21682453.751347248
