,beta,gamma,sse
0,0.21000000000000005,0.20000000000000004,68984141.0431062
