,beta,gamma,sse
0,0.8400000000000005,0.8000000000000005,62769449.6118064
