,beta,gamma,sse
0,0.8400000000000005,0.8000000000000005,68811287.38947475
