,beta,gamma,sse
0,0.35000000000000014,0.01,8560.232970414443
