,beta,gamma,sse
0,0.6300000000000003,0.6200000000000003,54475532.82151054
