,beta,gamma,sse
0,0.5700000000000003,0.5600000000000003,69250797.15232843
