,beta,gamma,sse
0,0.09,0.09999999999999999,161502509.36702985
