,beta,gamma,sse
0,0.7700000000000005,0.7300000000000004,1712199.1978020556
