,beta,gamma,sse
0,0.8800000000000006,0.8400000000000005,20950406.2260307
