,beta,gamma,sse
0,0.8300000000000005,0.8000000000000005,36026017.54983027
