,beta,gamma,sse
0,0.11999999999999998,0.10999999999999999,80366588.30743694
