,beta,gamma,sse
0,0.2800000000000001,0.2700000000000001,88142263.16748671
