,beta,gamma,sse
0,0.9900000000000007,0.6400000000000003,12679.57602098108
