,beta,gamma,sse
0,0.13999999999999999,0.10999999999999999,84272142.08993888
