,beta,gamma,sse
0,0.9800000000000006,0.9200000000000006,82468773.38995501
