,beta,gamma,sse
0,0.17,0.13999999999999999,77685312.76045842
