,beta,gamma,sse
0,0.12999999999999998,0.09,97712723.61848007
