,beta,gamma,sse
0,0.7800000000000005,0.7000000000000004,2101950.931815968
