,beta,gamma,sse
0,0.8300000000000005,0.7700000000000005,266560011.48022327
