,beta,gamma,sse
0,0.9000000000000006,0.8500000000000005,135080131.9946207
