,beta,gamma,sse
0,0.12999999999999998,0.10999999999999999,178891564.22593677
