,beta,gamma,sse
0,0.19000000000000003,0.17,437546611.3805952
