,beta,gamma,sse
0,0.060000000000000005,0.02,143576406.7329765
