,beta,gamma,sse
0,0.9700000000000006,0.8800000000000006,2563238.7413997175
