,beta,gamma,sse
0,0.9400000000000006,0.8600000000000005,213087995.59365445
