,beta,gamma,sse
0,0.8400000000000005,0.7900000000000005,210609104.1465909
