,beta,gamma,sse
0,0.21000000000000005,0.19000000000000003,178672824.22306478
