,beta,gamma,sse
0,0.9900000000000007,0.6600000000000004,86645.93941535303
