,beta,gamma,sse
0,0.09999999999999999,0.07,102012743.08273879
