,beta,gamma,sse
0,0.8000000000000005,0.7600000000000005,102551154.45981641
