,beta,gamma,sse
0,0.8000000000000005,0.7800000000000005,49892130.18296844
