,beta,gamma,sse
0,0.24000000000000007,0.22000000000000006,555369045.5068178
