,beta,gamma,sse
0,0.9900000000000007,0.7600000000000005,16268.469585841565
