,beta,gamma,sse
0,0.9000000000000006,0.8400000000000005,628822840.5847782
