,beta,gamma,sse
0,0.8900000000000006,0.8300000000000005,1406610064.8182397
