,beta,gamma,sse
0,0.8200000000000005,0.7900000000000005,396441804.01229024
