,beta,gamma,sse
0,0.2800000000000001,0.2700000000000001,1696578682.8401203
