,beta,gamma,sse
0,0.16,0.11999999999999998,371220186.45421755
