,beta,gamma,sse
0,0.8300000000000005,0.7500000000000004,180199068.9357677
