,beta,gamma,sse
0,0.9400000000000006,0.8800000000000006,845087513.1769705
