,beta,gamma,sse
0,0.9400000000000006,0.9000000000000006,180532684.35240802
