,beta,gamma,sse
0,0.4100000000000002,0.4000000000000002,234216834.24223426
