,beta,gamma,sse
0,0.18000000000000002,0.15,435975372.95424
