,beta,gamma,sse
0,0.8000000000000005,0.7800000000000005,112848024.4425677
