,beta,gamma,sse
0,0.18000000000000002,0.17,657002172.3777192
