,beta,gamma,sse
0,0.13999999999999999,0.12999999999999998,633749730.2841629
