,beta,gamma,sse
0,0.21000000000000005,0.01,30363.10293962847
