,beta,gamma,sse
0,0.10999999999999999,0.11999999999999998,135332000.89154834
