,beta,gamma,sse
0,0.9800000000000006,0.9500000000000006,202995362.0408359
