,beta,gamma,sse
0,0.34000000000000014,0.35000000000000014,223758262.45636153
