,beta,gamma,sse
0,0.2800000000000001,0.01,370198.63788634795
