,beta,gamma,sse
0,0.9900000000000007,0.7100000000000004,327202.31682162336
