,beta,gamma,sse
0,0.2800000000000001,0.01,464653.92250272474
