,beta,gamma,sse
0,0.9900000000000007,0.6800000000000004,1744758.990105113
