,beta,gamma,sse
0,0.9900000000000007,0.7500000000000004,196535.1557171113
