,beta,gamma,sse
0,0.25000000000000006,0.01,186014.84572873666
