,beta,gamma,sse
0,0.24000000000000007,0.01,4458516.797743996
