,beta,gamma,sse
0,0.9900000000000007,0.8100000000000005,7615450.777013159
