,beta,gamma,sse
0,0.9900000000000007,0.8400000000000005,13574247.911637677
