,beta,gamma,sse
0,0.9700000000000006,0.8600000000000005,2809025.8465492385
