,beta,gamma,sse
0,0.9900000000000007,0.5700000000000003,9.362077060995773
