,beta,gamma,sse
0,0.10999999999999999,0.01,10521502.733204791
