,beta,gamma,sse
0,0.9300000000000006,0.8100000000000005,5570566.304102153
