,beta,gamma,sse
0,0.10999999999999999,0.01,33049569.393912748
