,beta,gamma,sse
0,0.9100000000000006,0.8500000000000005,14531989.005598648
