,beta,gamma,sse
0,0.9900000000000007,0.9400000000000006,5729977.951633162
