,beta,gamma,sse
0,0.3300000000000001,0.36000000000000015,33616345.44497883
