,beta,gamma,sse
0,0.060000000000000005,0.08,28836404.23444242
