,beta,gamma,sse
0,0.23000000000000007,0.25000000000000006,4902273.918390385
