,beta,gamma,sse
0,0.9600000000000006,0.9900000000000007,1806751.5787194506
