,beta,gamma,sse
0,0.01,0.060000000000000005,4895221.935492927
