,beta,gamma,sse
0,0.9900000000000007,0.7400000000000004,9.456273521873586
