,beta,gamma,sse
0,0.9500000000000006,0.9900000000000007,9422619.804674862
