,beta,gamma,sse
0,0.17,0.21000000000000005,9602347.039676651
