,beta,gamma,sse
0,0.49000000000000027,0.5300000000000002,751768.3698996993
