,beta,gamma,sse
0,0.8500000000000005,0.9000000000000006,591058.2482618405
