,beta,gamma,sse
0,0.5600000000000003,0.6200000000000003,10280071.521425046
