,beta,gamma,sse
0,0.9500000000000006,0.9900000000000007,315273.919603685
