,beta,gamma,sse
0,0.9900000000000007,0.8700000000000006,5.456143436266568
