,beta,gamma,sse
0,0.01,0.060000000000000005,163484.1468554404
