,beta,gamma,sse
0,0.19000000000000003,0.24000000000000007,181608.60357201105
