,beta,gamma,sse
0,0.3900000000000002,0.4300000000000002,54703.255128112374
