,beta,gamma,sse
0,0.4100000000000002,0.4400000000000002,57814.446352287065
