,beta,gamma,sse
0,0.10999999999999999,0.15,66822.7866778642
