,beta,gamma,sse
0,0.9700000000000006,0.9900000000000007,46801.462956524134
