,beta,gamma,sse
0,0.9700000000000006,0.9900000000000007,81100.99996267281
