,beta,gamma,sse
0,0.15,0.13999999999999999,127149.78877792148
