,beta,gamma,sse
0,0.3200000000000001,0.3000000000000001,14472.720192714025
