,beta,gamma,sse
0,0.5800000000000003,0.5600000000000003,2935.0972206985753
