,beta,gamma,sse
0,0.7200000000000004,0.6800000000000004,18159.40608822731
