,beta,gamma,sse
0,0.3000000000000001,0.26000000000000006,49844.30538150122
