,beta,gamma,sse
0,0.4200000000000002,0.3900000000000002,2451.844902279383
