,beta,gamma,sse
0,0.4300000000000002,0.3900000000000002,492490.1753128693
