,beta,gamma,sse
0,0.9900000000000007,0.9600000000000006,2.5490710950782858
