,beta,gamma,sse
0,0.8600000000000005,0.8300000000000005,85429.19663912455
