,beta,gamma,sse
0,0.34000000000000014,0.3100000000000001,92407.85654129191
