,beta,gamma,sse
0,0.38000000000000017,0.34000000000000014,260135.02135373457
