,beta,gamma,sse
0,0.5800000000000003,0.5500000000000003,229453.83113270043
