,beta,gamma,sse
0,0.8700000000000006,0.8500000000000005,314037.28825397656
