,beta,gamma,sse
0,0.5200000000000002,0.5000000000000002,391512.05399544066
