,beta,gamma,sse
0,0.09999999999999999,0.07,136328.64663851575
