,beta,gamma,sse
0,0.9900000000000007,0.9700000000000006,573173.829102466
