,beta,gamma,sse
0,0.5800000000000003,0.5700000000000003,129405.76686418793
