,beta,gamma,sse
0,0.7700000000000005,0.9900000000000007,56.303948645313135
