,beta,gamma,sse
0,0.8300000000000005,0.8200000000000005,374960.1707571241
