,beta,gamma,sse
0,0.26000000000000006,0.19000000000000003,439051.2677404883
