,beta,gamma,sse
0,0.6200000000000003,0.9900000000000007,32.718191883482035
