,beta,gamma,sse
0,0.6700000000000004,0.6100000000000003,4800422.715595297
