,beta,gamma,sse
0,0.8200000000000005,0.7500000000000004,4039584.359122719
