,beta,gamma,sse
0,0.7200000000000004,0.6300000000000003,2452547.2459941297
