,beta,gamma,sse
0,0.9800000000000006,0.9000000000000006,2868919.8721326515
