,beta,gamma,sse
0,0.3100000000000001,0.24000000000000007,12012967.726581587
