,beta,gamma,sse
0,0.7600000000000005,0.7000000000000004,4203881.039064416
