,beta,gamma,sse
0,0.01,0.7900000000000005,17.308539503778405
