,beta,gamma,sse
0,0.4400000000000002,0.37000000000000016,4273576.664693632
