,beta,gamma,sse
0,0.48000000000000026,0.4100000000000002,4290033.737704616
