,beta,gamma,sse
0,0.5900000000000003,0.5100000000000002,11377200.197675446
