,beta,gamma,sse
0,0.46000000000000024,0.38000000000000017,12238926.165388381
