,beta,gamma,sse
0,0.5800000000000003,0.5200000000000002,21181837.253186572
