,beta,gamma,sse
0,0.8800000000000006,0.8000000000000005,31542333.15344519
