,beta,gamma,sse
0,0.8500000000000005,0.7800000000000005,38985272.98841068
