,beta,gamma,sse
0,0.6800000000000004,0.6100000000000003,131279524.26233108
