,beta,gamma,sse
0,0.7500000000000004,0.7000000000000004,26630364.353389133
