,beta,gamma,sse
0,0.8400000000000005,0.8100000000000005,302327394.25112313
