,beta,gamma,sse
0,0.5100000000000002,0.49000000000000027,268188537.08670908
