,beta,gamma,sse
0,0.01,0.22000000000000006,1.0602816672122883
