,beta,gamma,sse
0,0.34000000000000014,0.3200000000000001,349932140.68528396
