,beta,gamma,sse
0,0.6200000000000003,0.5600000000000003,150646393.71671733
