,beta,gamma,sse
0,0.7500000000000004,0.7100000000000004,13538900.171540301
