,beta,gamma,sse
0,0.8200000000000005,0.8000000000000005,73309106.35616116
