,beta,gamma,sse
0,0.5100000000000002,0.5000000000000002,64713036.89445052
