,beta,gamma,sse
0,0.25000000000000006,0.23000000000000007,59516198.15053908
