,beta,gamma,sse
0,0.05,0.3200000000000001,1.6797830560808793
