,beta,gamma,sse
0,0.7800000000000005,0.7500000000000004,10854814.953308348
