,beta,gamma,sse
0,0.4400000000000002,0.4200000000000002,68945059.40398328
