,beta,gamma,sse
0,0.7300000000000004,0.7000000000000004,118564974.22444929
