,beta,gamma,sse
0,0.6700000000000004,0.6600000000000004,43693920.605708644
