,beta,gamma,sse
0,0.5100000000000002,0.5000000000000002,38117021.19989478
