,beta,gamma,sse
0,0.47000000000000025,0.46000000000000024,22418292.678662457
