,beta,gamma,sse
0,0.9100000000000006,0.9000000000000006,143245250.97340503
