,beta,gamma,sse
0,0.13999999999999999,0.15,220674843.4878954
