,beta,gamma,sse
0,0.4000000000000002,0.01,24.517178644918296
