,beta,gamma,sse
0,0.09999999999999999,0.07,24814800.474230744
