,beta,gamma,sse
0,0.9600000000000006,0.9100000000000006,37017833.11206296
