,beta,gamma,sse
0,0.7900000000000005,0.7600000000000005,350183968.45197767
