,beta,gamma,sse
0,0.7000000000000004,0.6800000000000004,236391512.02618518
