,beta,gamma,sse
0,0.5800000000000003,0.5700000000000003,291342857.6423158
