,beta,gamma,sse
0,0.2900000000000001,0.2800000000000001,359206921.4903982
