,beta,gamma,sse
0,0.5100000000000002,0.47000000000000025,22444188.798095863
