,beta,gamma,sse
0,0.18000000000000002,0.15,25990123.29096291
