,beta,gamma,sse
0,0.8200000000000005,0.7800000000000005,169173098.22635227
