,beta,gamma,sse
0,0.6700000000000004,0.01,33.75203207103331
