,beta,gamma,sse
0,0.4200000000000002,0.4100000000000002,163475696.96279964
