,beta,gamma,sse
0,0.6000000000000003,0.5900000000000003,372049885.04585546
