,beta,gamma,sse
0,0.9100000000000006,0.9000000000000006,50489420.00560529
