,beta,gamma,sse
0,0.18000000000000002,0.20000000000000004,26645475.345636703
