,beta,gamma,sse
0,0.38000000000000017,0.3900000000000002,11134760.13437895
