,beta,gamma,sse
0,0.9900000000000007,0.26000000000000006,185.68961189631509
