,beta,gamma,sse
0,0.22000000000000006,0.21000000000000005,690640543.6309477
