,beta,gamma,sse
0,0.8700000000000006,0.8400000000000005,876515966.4399801
