,beta,gamma,sse
0,0.8900000000000006,0.8600000000000005,1378625321.367698
