,beta,gamma,sse
0,0.5500000000000003,0.5600000000000003,523895655.8137076
