,beta,gamma,sse
0,0.01,0.060000000000000005,389819708.68865496
