,beta,gamma,sse
0,0.5900000000000003,0.6000000000000003,51575056.58250759
