,beta,gamma,sse
0,0.46000000000000024,0.4200000000000002,100959815.70337039
