,beta,gamma,sse
0,0.9900000000000007,0.22000000000000006,295.2433599334162
