,beta,gamma,sse
0,0.9700000000000006,0.9200000000000006,635567605.1693792
