,beta,gamma,sse
0,0.10999999999999999,0.13999999999999999,290797527.4019762
