,beta,gamma,sse
0,0.3200000000000001,0.3100000000000001,15606072.756952142
