,beta,gamma,sse
0,0.8800000000000006,0.8600000000000005,159402420.19840822
