,beta,gamma,sse
0,0.9500000000000006,0.9300000000000006,155491278.97936776
