,beta,gamma,sse
0,0.5700000000000003,0.01,107.3532491709916
