,beta,gamma,sse
0,0.34000000000000014,0.37000000000000016,335909185.48846227
