,beta,gamma,sse
0,0.7100000000000004,0.7200000000000004,343067134.6302911
