,beta,gamma,sse
0,0.12999999999999998,0.17,533432192.32595277
