,beta,gamma,sse
0,0.3200000000000001,0.3300000000000001,64678452.44921492
