,beta,gamma,sse
0,0.7900000000000005,0.7800000000000005,71977697.40990935
