,beta,gamma,sse
0,0.5600000000000003,0.5700000000000003,128437018.78715271
