,beta,gamma,sse
0,0.26000000000000006,0.2800000000000001,248432412.5442845
