,beta,gamma,sse
0,0.9200000000000006,0.8900000000000006,243916496.12464136
