,beta,gamma,sse
0,0.8400000000000005,0.8200000000000005,359656843.8083135
