,beta,gamma,sse
0,0.9200000000000006,0.9300000000000006,177033197.1450248
