,beta,gamma,sse
0,0.9400000000000006,0.9600000000000006,109846713.90118377
