,beta,gamma,sse
0,0.2700000000000001,0.3000000000000001,46919428.06878169
