,beta,gamma,sse
0,0.04,0.060000000000000005,14917807.955125922
