,beta,gamma,sse
0,0.21000000000000005,0.22000000000000006,4902364.062057302
