,beta,gamma,sse
0,0.9900000000000007,0.5400000000000003,1977.73237617596
