,beta,gamma,sse
0,0.21000000000000005,0.2700000000000001,224293525.22849706
