,beta,gamma,sse
0,0.2900000000000001,0.3000000000000001,1893957.4125720928
