,beta,gamma,sse
0,0.7000000000000004,0.7100000000000004,23639747.291423127
