,beta,gamma,sse
0,0.6900000000000004,0.7100000000000004,5900612.488568146
