,beta,gamma,sse
0,0.3100000000000001,0.34000000000000014,23235398.008127265
