,beta,gamma,sse
0,0.9900000000000007,0.6400000000000003,954.9495834949421
