,beta,gamma,sse
0,0.4000000000000002,0.3900000000000002,1279900.4082602472
