,beta,gamma,sse
0,0.8100000000000005,0.7900000000000005,7774258.519313974
