,beta,gamma,sse
0,0.3100000000000001,0.3200000000000001,8158268.67475311
