,beta,gamma,sse
0,0.8500000000000005,0.8100000000000005,68706679.29876912
