,beta,gamma,sse
0,0.34000000000000014,0.01,7124.905388612176
