,beta,gamma,sse
0,0.05,0.060000000000000005,52386811.47541706
