,beta,gamma,sse
0,0.09999999999999999,0.08,775983.2086468656
