,beta,gamma,sse
0,0.9900000000000007,0.6100000000000003,4774.985082896822
