,beta,gamma,sse
0,0.24000000000000007,0.23000000000000007,87055738.99666193
