,beta,gamma,sse
0,0.3200000000000001,0.2900000000000001,53151909.85563071
