,beta,gamma,sse
0,0.8700000000000006,0.8000000000000005,66834700.484548464
