,beta,gamma,sse
0,0.15,0.12999999999999998,72167350.87243906
