,beta,gamma,sse
0,0.9800000000000006,0.9200000000000006,82444956.42152265
