,beta,gamma,sse
0,0.8800000000000006,0.8300000000000005,63971648.01072067
