,beta,gamma,sse
0,0.25000000000000006,0.21000000000000005,77425890.49815221
