,beta,gamma,sse
0,0.7700000000000005,0.6900000000000004,1974899.7114805153
