,beta,gamma,sse
0,0.8100000000000005,0.7300000000000004,2098673.581461303
