,beta,gamma,sse
0,0.9300000000000006,0.8800000000000006,133692339.80188453
