,beta,gamma,sse
0,0.6300000000000003,0.6000000000000003,84098799.29381
