,beta,gamma,sse
0,0.17,0.12999999999999998,115970077.92251463
