,beta,gamma,sse
0,0.9600000000000006,0.8700000000000006,2137114.937425086
