,beta,gamma,sse
0,0.9700000000000006,0.8800000000000006,4605662.103251824
