,beta,gamma,sse
0,0.9100000000000006,0.8400000000000005,147528979.81401837
