,beta,gamma,sse
0,0.8900000000000006,0.8500000000000005,106710417.78266431
