,beta,gamma,sse
0,0.26000000000000006,0.25000000000000006,269521943.06703055
