,beta,gamma,sse
0,0.09,0.060000000000000005,101417188.34031856
