,beta,gamma,sse
0,0.8400000000000005,0.7700000000000005,31850898.528148964
