,beta,gamma,sse
0,0.36000000000000015,0.35000000000000014,25487505.460101973
