,beta,gamma,sse
0,0.5300000000000002,0.5200000000000002,46328047.50322471
