,beta,gamma,sse
0,0.9600000000000006,0.9300000000000006,51373932.17806612
