,beta,gamma,sse
0,0.18000000000000002,0.17,339564062.15079933
