,beta,gamma,sse
0,0.9900000000000007,0.7500000000000004,12350.505533394393
