,beta,gamma,sse
0,0.09999999999999999,0.060000000000000005,169963425.767581
