,beta,gamma,sse
0,0.8700000000000006,0.8000000000000005,915540460.179685
