,beta,gamma,sse
0,0.8800000000000006,0.8500000000000005,370795215.5052113
