,beta,gamma,sse
0,0.19000000000000003,0.20000000000000004,243742658.84792435
