,beta,gamma,sse
0,0.24000000000000007,0.20000000000000004,329953140.93988734
