,beta,gamma,sse
0,0.21000000000000005,0.15,44757239.16983944
