,beta,gamma,sse
0,0.8400000000000005,0.7600000000000005,198273784.0955448
