,beta,gamma,sse
0,0.9900000000000007,0.7900000000000005,3965.121739620934
