,beta,gamma,sse
0,0.4000000000000002,0.3900000000000002,240723838.36587706
