,beta,gamma,sse
0,0.24000000000000007,0.21000000000000005,405624850.75025296
