,beta,gamma,sse
0,0.2900000000000001,0.24000000000000007,135725615.01436996
