,beta,gamma,sse
0,0.8700000000000006,0.8100000000000005,716298284.231957
