,beta,gamma,sse
0,0.8400000000000005,0.8200000000000005,90063124.8822386
