,beta,gamma,sse
0,0.08,0.09999999999999999,97004531.00299507
