,beta,gamma,sse
0,0.3000000000000001,0.2900000000000001,497898955.2380346
