,beta,gamma,sse
0,0.22000000000000006,0.01,10387.153268566646
