,beta,gamma,sse
0,0.8600000000000005,0.8000000000000005,370149729.5910072
