,beta,gamma,sse
0,0.8900000000000006,0.8600000000000005,111646754.69574702
