,beta,gamma,sse
0,0.18000000000000002,0.19000000000000003,84638045.4340497
