,beta,gamma,sse
0,0.05,0.060000000000000005,126290754.51214737
