,beta,gamma,sse
0,0.09999999999999999,0.11999999999999998,222073933.95040193
