,beta,gamma,sse
0,0.9400000000000006,0.9100000000000006,215047823.8912457
