,beta,gamma,sse
0,0.19000000000000003,0.01,23740.773272726474
