,beta,gamma,sse
0,0.2700000000000001,0.01,354131.8722058485
