,beta,gamma,sse
0,0.9900000000000007,0.7000000000000004,308041.43457950297
