,beta,gamma,sse
0,0.2900000000000001,0.01,332177.8849057521
