,beta,gamma,sse
0,0.9900000000000007,0.6600000000000004,1194377.8714213343
