,beta,gamma,sse
0,0.25000000000000006,0.01,170311.13654307404
