,beta,gamma,sse
0,0.25000000000000006,0.01,220201.56869138806
