,beta,gamma,sse
0,0.26000000000000006,0.01,129259.23462224443
