,beta,gamma,sse
0,0.9900000000000007,0.8000000000000005,5748184.9199579675
