,beta,gamma,sse
0,0.8100000000000005,0.7000000000000004,2694858.1026828364
