,beta,gamma,sse
0,0.9900000000000007,0.8800000000000006,2749195.2757995483
