,beta,gamma,sse
0,0.9900000000000007,0.5600000000000003,9.221290141349302
