,beta,gamma,sse
0,0.9900000000000007,0.8600000000000005,747773.5439158531
