,beta,gamma,sse
0,0.9900000000000007,0.8700000000000006,4889674.152758892
