,beta,gamma,sse
0,0.13999999999999999,0.01,4.161081827599645
