,beta,gamma,sse
0,0.8100000000000005,0.7600000000000005,2612291.543123057
