,beta,gamma,sse
0,0.5600000000000003,0.5800000000000003,28459169.413110163
