,beta,gamma,sse
0,0.9600000000000006,0.9900000000000007,464256.71622047125
