,beta,gamma,sse
0,0.9600000000000006,0.9900000000000007,2050205.8650220735
