,beta,gamma,sse
0,0.9900000000000007,0.7000000000000004,1.6333860963760167
