,beta,gamma,sse
0,0.9100000000000006,0.9900000000000007,2300554.9499912905
