,beta,gamma,sse
0,0.9000000000000006,0.9900000000000007,1727975.8357305047
