,beta,gamma,sse
0,0.9600000000000006,0.9900000000000007,141955.67341950815
