,beta,gamma,sse
0,0.8900000000000006,0.9300000000000006,47475.29528684226
