,beta,gamma,sse
0,0.9900000000000007,0.8300000000000005,2.202950417175369
