,beta,gamma,sse
0,0.6100000000000003,0.6600000000000004,174624.83192882797
