,beta,gamma,sse
0,0.01,0.060000000000000005,84641.97912287226
