,beta,gamma,sse
0,0.7600000000000005,0.7700000000000005,566153.3171344139
