,beta,gamma,sse
0,0.9900000000000007,0.9100000000000006,1.9399926182566
