,beta,gamma,sse
0,0.38000000000000017,0.4100000000000002,94380.06811165961
