,beta,gamma,sse
0,0.01,0.060000000000000005,149732.42838857454
