,beta,gamma,sse
0,0.7700000000000005,0.8100000000000005,19327.035127290757
