,beta,gamma,sse
0,0.25000000000000006,0.2700000000000001,45994.34598248189
