,beta,gamma,sse
0,0.6800000000000004,0.7000000000000004,154121.00540325485
