,beta,gamma,sse
0,0.2800000000000001,0.2700000000000001,127020.5393956437
