,beta,gamma,sse
0,0.5600000000000003,0.5400000000000003,13982.64909188041
