,beta,gamma,sse
0,0.8300000000000005,0.8700000000000006,60455.54903438624
