,beta,gamma,sse
0,0.6800000000000004,0.7100000000000004,35577.5832348508
