,beta,gamma,sse
0,0.9600000000000006,0.9900000000000007,62830.320400843266
