,beta,gamma,sse
0,0.9800000000000006,0.9900000000000007,64046.311148104185
