,beta,gamma,sse
0,0.38000000000000017,0.3900000000000002,81745.64364289644
