,beta,gamma,sse
0,0.060000000000000005,0.09,109316.85222430096
