,beta,gamma,sse
0,0.2900000000000001,0.3100000000000001,143510.1423798794
