,beta,gamma,sse
0,0.25000000000000006,0.23000000000000007,2363.2391981665237
