,beta,gamma,sse
0,0.9900000000000007,0.9700000000000006,3787.3791325280035
