,beta,gamma,sse
0,0.49000000000000027,0.48000000000000026,10097.3404988927
