,beta,gamma,sse
0,0.6800000000000004,0.6500000000000004,37028.50815634149
