,beta,gamma,sse
0,0.5400000000000003,0.5100000000000002,2305.567800916612
