,beta,gamma,sse
0,0.9900000000000007,0.9700000000000006,97679.46555969678
