,beta,gamma,sse
0,0.6800000000000004,0.6700000000000004,20066.917006749296
