,beta,gamma,sse
0,0.08,0.060000000000000005,94728.22338654775
