,beta,gamma,sse
0,0.9900000000000007,0.9300000000000006,14635.21771227895
