,beta,gamma,sse
0,0.5400000000000003,0.49000000000000027,66382.60880146931
