,beta,gamma,sse
0,0.8900000000000006,0.8700000000000006,74541.62572902058
