,beta,gamma,sse
0,0.4100000000000002,0.38000000000000017,113339.50981841152
