,beta,gamma,sse
0,0.9700000000000006,0.9400000000000006,219827.42205653462
