,beta,gamma,sse
0,0.24000000000000007,0.22000000000000006,442888.04622755246
