,beta,gamma,sse
0,0.7000000000000004,0.6900000000000004,31488.475783244823
