,beta,gamma,sse
0,0.6800000000000004,0.6600000000000004,7119.613499521596
