,beta,gamma,sse
0,0.8100000000000005,0.9900000000000007,49.14967316506656
