,beta,gamma,sse
0,0.15,0.13999999999999999,1404032.9959109924
