,beta,gamma,sse
0,0.18000000000000002,0.13999999999999999,86765.412053747
