,beta,gamma,sse
0,0.18000000000000002,0.13999999999999999,289430.1770429694
