,beta,gamma,sse
0,0.45000000000000023,0.4200000000000002,351943.69817166234
