,beta,gamma,sse
0,0.6000000000000003,0.9900000000000007,32.16724099973392
