,beta,gamma,sse
0,0.8500000000000005,0.7600000000000005,2434550.865845048
