,beta,gamma,sse
0,0.7500000000000004,0.6600000000000004,115749.38147247139
