,beta,gamma,sse
0,0.34000000000000014,0.26000000000000006,3181425.845163295
