,beta,gamma,sse
0,0.9700000000000006,0.9100000000000006,4080605.864135463
