,beta,gamma,sse
0,0.02,0.8500000000000005,15.370437865504835
