,beta,gamma,sse
0,0.10999999999999999,0.04,10890713.820541915
