,beta,gamma,sse
0,0.9900000000000007,0.9000000000000006,9560539.415169518
