,beta,gamma,sse
0,0.3900000000000002,0.3200000000000001,4153560.405910817
