,beta,gamma,sse
0,0.9700000000000006,0.8900000000000006,12082765.890032131
