,beta,gamma,sse
0,0.6100000000000003,0.5300000000000002,23272043.320958674
