,beta,gamma,sse
0,0.060000000000000005,0.01,4665820.719663149
