,beta,gamma,sse
0,0.4300000000000002,0.37000000000000016,19866999.432435073
