,beta,gamma,sse
0,0.7500000000000004,0.6900000000000004,22609717.989784095
