,beta,gamma,sse
0,0.8400000000000005,0.7600000000000005,45799959.911356635
