,beta,gamma,sse
0,0.45000000000000023,0.4000000000000002,13019697.433953658
