,beta,gamma,sse
0,0.4100000000000002,0.37000000000000016,11597389.749682298
