,beta,gamma,sse
0,0.7600000000000005,0.9900000000000007,0.9512700529479486
