,beta,gamma,sse
0,0.09999999999999999,0.09,263436926.053117
