,beta,gamma,sse
0,0.9300000000000006,0.8600000000000005,84368773.99021249
