,beta,gamma,sse
0,0.5600000000000003,0.5200000000000002,1477624.1305896286
