,beta,gamma,sse
0,0.8300000000000005,0.7900000000000005,14621896.846043851
