,beta,gamma,sse
0,0.8600000000000005,0.8500000000000005,11323315.807198688
