,beta,gamma,sse
0,0.7300000000000004,0.7200000000000004,83306624.16732322
