,beta,gamma,sse
0,0.4200000000000002,0.4000000000000002,50020534.38754218
