,beta,gamma,sse
0,0.8300000000000005,0.7900000000000005,4639283.450134201
