,beta,gamma,sse
0,0.15,0.49000000000000027,1.0291983692557571
