,beta,gamma,sse
0,0.6500000000000004,0.6200000000000003,253917.69457042057
