,beta,gamma,sse
0,0.9300000000000006,0.9000000000000006,7894269.340065148
