,beta,gamma,sse
0,0.46000000000000024,0.47000000000000025,5333261.714429215
