,beta,gamma,sse
0,0.35000000000000014,0.3300000000000001,64131131.18728394
