,beta,gamma,sse
0,0.9200000000000006,0.9100000000000006,23259336.22535953
