,beta,gamma,sse
0,0.24000000000000007,0.25000000000000006,20798007.66633302
