,beta,gamma,sse
0,0.3300000000000001,0.34000000000000014,59620499.98790632
