,beta,gamma,sse
0,0.6100000000000003,0.6000000000000003,30678075.286882
