,beta,gamma,sse
0,0.6500000000000004,0.6300000000000003,935658.1165238575
