,beta,gamma,sse
0,0.6300000000000003,0.6200000000000003,20562907.928447064
