,beta,gamma,sse
0,0.8400000000000005,0.8300000000000005,25931425.944377497
