,beta,gamma,sse
0,0.5300000000000002,0.4300000000000002,0.3304898738729189
