,beta,gamma,sse
0,0.3000000000000001,0.2700000000000001,8298329.097100912
