,beta,gamma,sse
0,0.22000000000000006,0.19000000000000003,16048328.084928468
