,beta,gamma,sse
0,0.3100000000000001,0.2700000000000001,385206.61206022114
