,beta,gamma,sse
0,0.7400000000000004,0.7000000000000004,36919147.013520665
