,beta,gamma,sse
0,0.5400000000000003,0.5300000000000002,282087225.77885574
