,beta,gamma,sse
0,0.5700000000000003,0.01,13.657682413107182
