,beta,gamma,sse
0,0.8700000000000006,0.8300000000000005,187589901.33984074
