,beta,gamma,sse
0,0.9600000000000006,0.9400000000000006,102699468.58273847
