,beta,gamma,sse
0,0.07,0.060000000000000005,89460408.34682849
