,beta,gamma,sse
0,0.8000000000000005,0.7600000000000005,15571592.274712086
