,beta,gamma,sse
0,0.9200000000000006,0.9100000000000006,50470974.75906441
