,beta,gamma,sse
0,0.19000000000000003,0.21000000000000005,26527287.389592275
