,beta,gamma,sse
0,0.35000000000000014,0.36000000000000015,9862629.809161775
