,beta,gamma,sse
0,0.5300000000000002,0.5400000000000003,2128707.0171725196
