,beta,gamma,sse
0,0.9100000000000006,0.01,3.8429526018152
