,beta,gamma,sse
0,0.6200000000000003,0.6100000000000003,369548666.55170393
