,beta,gamma,sse
0,0.3200000000000001,0.2900000000000001,239261944.51373062
