,beta,gamma,sse
0,0.9200000000000006,0.8800000000000006,1078749191.384694
