,beta,gamma,sse
0,0.47000000000000025,0.48000000000000026,512682074.3173683
