,beta,gamma,sse
0,0.12999999999999998,0.18000000000000002,323817374.6368034
