,beta,gamma,sse
0,0.5100000000000002,0.5200000000000002,42316122.88219535
