,beta,gamma,sse
0,0.20000000000000004,0.23000000000000007,788303.9157656559
