,beta,gamma,sse
0,0.4300000000000002,0.3900000000000002,99362279.95648259
