,beta,gamma,sse
0,0.9900000000000007,0.16,246.12157673641516
