,beta,gamma,sse
0,0.8300000000000005,0.7700000000000005,119458608.9708832
