,beta,gamma,sse
0,0.8000000000000005,0.7800000000000005,186052674.14860272
