,beta,gamma,sse
0,0.2900000000000001,0.3000000000000001,67852647.55341256
