,beta,gamma,sse
0,0.4200000000000002,0.4100000000000002,256024.99506644942
