,beta,gamma,sse
0,0.25000000000000006,0.24000000000000007,9764454.259370279
