,beta,gamma,sse
0,0.6100000000000003,0.5900000000000003,9391861.517321073
