,beta,gamma,sse
0,0.9900000000000007,0.4400000000000002,101.32751249164384
