,beta,gamma,sse
0,0.8900000000000006,0.9100000000000006,258135346.98535976
