,beta,gamma,sse
0,0.09,0.13999999999999999,386052520.6864281
