,beta,gamma,sse
0,0.9000000000000006,0.8800000000000006,4640803.625630654
