,beta,gamma,sse
0,0.4400000000000002,0.01,286.7814819843461
