,beta,gamma,sse
0,0.8700000000000006,0.8400000000000005,239544629.91280776
