,beta,gamma,sse
0,0.20000000000000004,0.22000000000000006,211660973.21766925
