,beta,gamma,sse
0,0.6800000000000004,0.6900000000000004,114743876.88741261
