,beta,gamma,sse
0,0.05,0.11999999999999998,61757436.383093655
