,beta,gamma,sse
0,0.09,0.12999999999999998,20733594.282845914
