,beta,gamma,sse
0,0.17,0.19000000000000003,3043648.765424676
