,beta,gamma,sse
0,0.9900000000000007,0.47000000000000025,721.1666437535808
