,beta,gamma,sse
0,0.5700000000000003,0.5600000000000003,7942900.699690479
