,beta,gamma,sse
0,0.8000000000000005,0.8100000000000005,149401669.96366045
