,beta,gamma,sse
0,0.3100000000000001,0.3300000000000001,5415970.036954267
