,beta,gamma,sse
0,0.26000000000000006,0.2700000000000001,1276336.446681141
