,beta,gamma,sse
0,0.9000000000000006,0.8900000000000006,1476111.1427260423
