,beta,gamma,sse
0,0.7500000000000004,0.7700000000000005,4365565.71401573
