,beta,gamma,sse
0,0.19000000000000003,0.23000000000000007,5058483.696705695
