,beta,gamma,sse
0,0.12999999999999998,0.16,15513867.668315932
