,beta,gamma,sse
0,0.05,0.060000000000000005,1850728.3776503026
