,beta,gamma,sse
0,0.4000000000000002,0.3900000000000002,1268575.8339604135
