,beta,gamma,sse
0,0.4300000000000002,0.4400000000000002,4107803.833975473
