,beta,gamma,sse
0,0.13999999999999999,0.16,9049647.817113027
