,beta,gamma,sse
0,0.9100000000000006,0.8600000000000005,44943840.24445185
