,beta,gamma,sse
0,0.26000000000000006,0.01,96.41988509146815
