,beta,gamma,sse
0,0.8800000000000006,0.8700000000000006,42077580.368674695
