,beta,gamma,sse
0,0.13999999999999999,0.11999999999999998,219851.3397763925
