,beta,gamma,sse
0,0.35000000000000014,0.3200000000000001,226927.66939066988
