,beta,gamma,sse
0,0.38000000000000017,0.01,4646.045870546255
