,beta,gamma,sse
0,0.2700000000000001,0.26000000000000006,86711947.4581564
