,beta,gamma,sse
0,0.11999999999999998,0.09999999999999999,71958975.65789607
