,beta,gamma,sse
0,0.9700000000000006,0.9000000000000006,32698014.782075316
