,beta,gamma,sse
0,0.9400000000000006,0.8900000000000006,61619378.41839373
