,beta,gamma,sse
0,0.3900000000000002,0.38000000000000017,39341602.370687485
