,beta,gamma,sse
0,0.20000000000000004,0.17,38743900.88411544
