,beta,gamma,sse
0,0.12999999999999998,0.07,1420545.3706229592
