,beta,gamma,sse
0,0.8000000000000005,0.7200000000000004,1997850.4627920634
