,beta,gamma,sse
0,0.9900000000000007,0.5500000000000003,2576.267946770141
