,beta,gamma,sse
0,0.7600000000000005,0.6800000000000004,3047015.8379722782
