,beta,gamma,sse
0,0.9500000000000006,0.8900000000000006,70287167.64650786
