,beta,gamma,sse
0,0.6600000000000004,0.5800000000000003,1726933.9371210923
