,beta,gamma,sse
0,0.9300000000000006,0.8400000000000005,3145199.0222372906
