,beta,gamma,sse
0,0.8600000000000005,0.7800000000000005,3239.8302146639144
