,beta,gamma,sse
0,0.9900000000000007,0.5800000000000003,21680.79007212621
