,beta,gamma,sse
0,0.25000000000000006,0.22000000000000006,66494381.88371836
