,beta,gamma,sse
0,0.13999999999999999,0.09,241360.8811989659
