,beta,gamma,sse
0,0.9500000000000006,0.9000000000000006,74064211.97999819
