,beta,gamma,sse
0,0.45000000000000023,0.4400000000000002,34924002.814695016
