,beta,gamma,sse
0,0.8800000000000006,0.8500000000000005,39116240.140754856
