,beta,gamma,sse
0,0.8400000000000005,0.8200000000000005,43295067.57449176
