,beta,gamma,sse
0,0.3100000000000001,0.3000000000000001,395183116.41386616
