,beta,gamma,sse
0,0.2700000000000001,0.01,2403.270775854437
