,beta,gamma,sse
0,0.060000000000000005,0.09,322473711.8598151
