,beta,gamma,sse
0,0.9200000000000006,0.8400000000000005,186332106.5454932
