,beta,gamma,sse
0,0.9200000000000006,0.8800000000000006,83856708.29900128
