,beta,gamma,sse
0,0.9900000000000007,0.7900000000000005,3705.9338165400295
