,beta,gamma,sse
0,0.23000000000000007,0.18000000000000002,124280153.86237279
