,beta,gamma,sse
0,0.9100000000000006,0.8400000000000005,532757772.9981742
