,beta,gamma,sse
0,0.9600000000000006,0.9300000000000006,35972657.918722354
