,beta,gamma,sse
0,0.13999999999999999,0.15,78136797.20533742
