,beta,gamma,sse
0,0.21000000000000005,0.01,4913.472198325761
