,beta,gamma,sse
0,0.6100000000000003,0.5500000000000003,73496938.83877803
