,beta,gamma,sse
0,0.9500000000000006,0.8800000000000006,273132054.7910713
