,beta,gamma,sse
0,0.7600000000000005,0.7300000000000004,16791724.864920657
