,beta,gamma,sse
0,0.8900000000000006,0.8700000000000006,65920770.51932144
