,beta,gamma,sse
0,0.8200000000000005,0.8000000000000005,88047077.27042115
