,beta,gamma,sse
0,0.20000000000000004,0.01,14983.472407422787
