,beta,gamma,sse
0,0.2900000000000001,0.01,303446.1776050298
