,beta,gamma,sse
0,0.9900000000000007,0.6900000000000004,285143.2371119519
