,beta,gamma,sse
0,0.9900000000000007,0.6300000000000003,657511.6115560029
