,beta,gamma,sse
0,0.9900000000000007,0.7600000000000005,1730.2009290530164
