,beta,gamma,sse
0,0.24000000000000007,0.01,19753.29783348162
