,beta,gamma,sse
0,0.26000000000000006,0.01,124955.95645316159
