,beta,gamma,sse
0,0.26000000000000006,0.01,223221.66277781557
