,beta,gamma,sse
0,0.9900000000000007,0.8200000000000005,3528007.6247244133
