,beta,gamma,sse
0,0.12999999999999998,0.01,534951.8748265626
