,beta,gamma,sse
0,0.9900000000000007,0.9000000000000006,3905138.0551697407
