,beta,gamma,sse
0,0.3000000000000001,0.17,182904.51179737755
