,beta,gamma,sse
0,0.11999999999999998,0.01,4437011.1104522245
