,beta,gamma,sse
0,0.8600000000000005,0.7900000000000005,8464546.549205631
