,beta,gamma,sse
0,0.47000000000000025,0.4200000000000002,243768.68361521262
