,beta,gamma,sse
0,0.060000000000000005,0.01,0.3434055742233645
