,beta,gamma,sse
0,0.9900000000000007,0.9400000000000006,2400709.1533866143
