,beta,gamma,sse
0,0.48000000000000026,0.5300000000000002,1864734.3257985422
