,beta,gamma,sse
0,0.4000000000000002,0.4300000000000002,17289904.71995786
