,beta,gamma,sse
0,0.21000000000000005,0.01,2.226240028427352
