,beta,gamma,sse
0,0.7900000000000005,0.8200000000000005,918414.5787104312
