,beta,gamma,sse
0,0.8900000000000006,0.9200000000000006,1149398.8004107252
