,beta,gamma,sse
0,0.3200000000000001,0.01,0.5433828686102569
