,beta,gamma,sse
0,0.07,0.11999999999999998,6536205.939178914
