,beta,gamma,sse
0,0.7300000000000004,0.7700000000000005,9679597.18992439
