,beta,gamma,sse
0,0.9400000000000006,0.9900000000000007,418509.73188998573
