,beta,gamma,sse
0,0.9900000000000007,0.6800000000000004,2.3488765319707445
